Ward,Total Household,UnderPovertyLine_households,Low_income_households
Ward 11,45465,3160,5555
Ward 7,32245,3220,4910
Ward 8,43975,4185,5985
Ward 1,33570,1615,3025
Ward 3,22670,770,1525
Ward 12,34865,870,1725
Ward 2,27355,865,1910
Ward 4,38530,2310,4920
Ward 14,31670,920,2080
Ward 5,22560,790,2090
Ward 10 ,30915,1690,4040
Ward 9,37490,2950,6235
Ward 13,32110,1215,2335
Ward 6,33310,1475,2795